id,PessoaNome,PessoaEmail,EntidadeNome,EntidadeUniversidadeNome,EntidadeRazaoSocial
1,Perri Yockley,pyockley0@miitbeian.gov.cn,Flashset,Hiiraan University,"Tillman, Paucek and Prosacco"
2,Eben Bateup,ebateup1@ibm.com,Dabshots,Medical University Pleven,Denesik-Weissnat
3,Mayne Minet,mminet2@odnoklassniki.ru,Oba,Novgorod State University,Becker-Leffler
4,Gabi Statton,gstatton3@homestead.com,Shufflebeat,Western Illinois University,Ferry-Mills
5,Jodie Griss,jgriss4@google.nl,Oodoo,Moldova Technical University,Johns and Sons
6,Stewart Zettler,szettler5@addtoany.com,Chatterbridge,Al-Isra University,Rolfson Group
7,Beaufort Nelm,bnelm6@jalbum.net,Dynazzy,Zanjan University of Medical Sciences,"Tromp, Kuvalis and Bode"
8,Barbey Hawe,bhawe7@csmonitor.com,Mybuzz,California College of Arts and Crafts,Heller and Sons
9,Leland Duncan,lduncan8@un.org,Eabox,Saint Louis University,Turner and Sons
10,Eadith Dyne,edyne9@cyberchimps.com,Eire,Conservatorio del Tolima,"Strosin, Kub and Schiller"
11,Aurore Lantuff,alantuffa@cbsnews.com,Youfeed,Sabzevar School of Medical Sciences,"Towne, McDermott and Mayert"
12,Rachael Yurtsev,ryurtsevb@hp.com,Thoughtblab,Fachhochschule Münster,Gorczany LLC
13,Corny Wintringham,cwintringhamc@vimeo.com,Oyope,Private Fachhochschule für Wirtschaft und Technik Vechta/Diepholz,Huels-Daugherty
14,Ernesta Smewing,esmewingd@moonfruit.com,Fliptune,University of Maine (System),"Adams, Hahn and Lueilwitz"
15,Adair Gatherer,agatherere@mac.com,Dabfeed,Virginia Commonwealth University,Lueilwitz-Vandervort
16,Julio Lethby,jlethbyf@parallels.com,Pixoboo,Emanuel University,Conroy Inc
17,Marla Aspin,masping@example.com,Layo,Stephen F. Austin State University,"Miller, Haag and Kassulke"
18,Connie Deverill,cdeverillh@prnewswire.com,Teklist,Rak Medical & Health Sciences University,"Renner, Nienow and Kshlerin"
19,Rosalia Money,rmoneyi@yolasite.com,Jamia,Universidade Federal de Mato Grosso do Sul,"Altenwerth, Simonis and Shanahan"
20,Marin Shah,mshahj@behance.net,Realcube,Instituto Politécnico de Coimbra,Pacocha and Sons
21,Gordy Scoles,gscolesk@usatoday.com,Aimbo,Universidad del País Vasco,Walker Group
22,Christian Averay,caverayl@jimdo.com,Avamm,Warren Wilson College,"Klocko, Reinger and Bode"
23,Cornell Grimsdale,cgrimsdalem@washingtonpost.com,Feedfire,"Islamic Azad University, Khorasgan",Walker-Dicki
24,Amye Ketchaside,aketchasiden@psu.edu,Midel,American Business & Technology University,"Kerluke, Hodkiewicz and Kub"
25,Leodora Clowney,lclowneyo@google.com.au,Gabtune,"Institute of Teachers Education, Tawau",Kemmer-Predovic
26,Ashla Januszkiewicz,ajanuszkiewiczp@moonfruit.com,Trudoo,Universität Innsbruck,Cremin-Runolfsdottir
27,Sauncho Dufton,sduftonq@behance.net,Bluezoom,Turkish Naval Academy,Emard-Langworth
28,Clare Battany,cbattanyr@hc360.com,Skivee,Azerbaijan Diplomatic Academy,Walker-Runolfsson
29,Charissa Elphey,celpheys@bigcartel.com,Vitz,Ibra College of Technology,Medhurst Inc
30,Halette Jerrim,hjerrimt@hud.gov,Janyx,Port Dickson Polytechnic,Bartell LLC
31,Lavena Malden,lmaldenu@ox.ac.uk,Yata,Al-Manar University,"Blick, Mills and Hintz"
32,Adolf Fylan,afylanv@who.int,Buzzshare,Université de Toulouse-le-Mirail (Toulouse II),Jaskolski-Gusikowski
33,Aleece Minchinton,aminchintonw@moonfruit.com,Buzzbean,Daemen College,Boyer and Sons
34,Sherrie Dawltrey,sdawltreyx@businessinsider.com,Skaboo,The Illinois Institute of Art-Chicago,Carter-Zieme
35,Rurik Fruser,rfrusery@privacy.gov.au,Tekfly,University of Pretoria,Boyle LLC
36,Nicki Salleir,nsalleirz@bloglines.com,Lajo,Erciyes University,Luettgen-Larson
37,Penrod Trowle,ptrowle10@phpbb.com,Kayveo,University of Leeds,O'Reilly LLC
38,Dorena Poynser,dpoynser11@wikipedia.org,Vitz,University of the Visual & Performing Arts,Rogahn Group
39,Amberly Wittman,awittman12@wsj.com,Avamm,Arcadia University,Frami LLC
40,Bennett Calbreath,bcalbreath13@shop-pro.jp,Yozio,Beijing Sport University,Purdy-Weber
41,Ichabod Derell,iderell14@amazonaws.com,Brightdog,Aomori Chuoh Gakuin University,Brekke-Beer
42,Kean Sapena,ksapena15@bluehost.com,Kimia,University of Bialystok,Marquardt-Quitzon
43,Portie Le Jean,ple16@e-recht24.de,Voomm,Abasyn University Peshawar,Harber Inc
44,Curt Cossam,ccossam17@jigsy.com,Dablist,Sheldon Jackson College,"Williamson, Bailey and Brown"
45,Zonda Paridge,zparidge18@lycos.com,Yadel,Pennsylvania State University - Altoona,Bayer-Flatley
46,Kimball MacGilpatrick,kmacgilpatrick19@ovh.net,Teklist,Istanbul Bilgi University,Hermann-Hodkiewicz
47,Berri Ellor,bellor1a@topsy.com,Zoomlounge,Bells University of Technology,"Boyer, Kilback and Rice"
48,Freddy Aglione,faglione1b@ustream.tv,Dabtype,"Institute of Teachers Education, Ipoh","Sauer, Runolfsdottir and Moen"
49,Oates Pellitt,opellitt1c@github.io,Eare,Escuela Superiore de Administración Pública,Weimann LLC
50,Roddie Jukes,rjukes1d@woothemes.com,Avavee,PTPL College,Cronin and Sons
